,Fair Value - Assets,Fair Value - Liabilities,Fair Value - Liabilities,Fair Value - Liabilities,Fair Value - Liabilities,Fair Value - Liabilities
(dollars in millions),Sept. 30 2013,Dec. 31 2012,Balance Sheet Caption,Sept. 30 2013,Dec. 31 2012,Balance Sheet Caption
Interest rate swaps designated as fair value hedges,114,185,Deferred income taxes and other assets,—,80,"Post-employment obligations, deferred income taxes and other long-term liabilities"
Foreign currency forward exchange contracts —,,,,,,
Hedging instruments,10,22,"Prepaid expenses,",—,11,Other accrued liabilities
Others not designated as hedges,90,98,"deferred income taxes, and other receivables",86,135,
Debt designated as a hedge of net investment in a foreign subsidiary,—,—,,540,615,Short-term borrowings
,214,305,,626,841,