,Defined Benefit Plans,Defined Benefit Plans,Defined Benefit Plans,Defined Benefit Plans,Medical and Dental Plans,Medical and Dental Plans,Medical and Dental Plans,Medical and Dental Plans
,Three Months,Three Months,Nine Months,Nine Months,Three Months,Three Months,Nine Months,Nine Months
,Ended Sept. 30,Ended Sept. 30,Ended Sept. 30,Ended Sept. 30,Ended Sept. 30,Ended Sept. 30,Ended Sept. 30,Ended Sept. 30
(dollars in millions),2013,2012,2013,2012,2013,2012,2013,2012
Service cost — benefits earned during the period,70,57,222,175,10,8,33,24
Interest cost on projected benefit obligations,66,66,198,199,15,10,45,32
Expected return on plans’ assets,(109),(90),(296),(272),(9),(4),(27),(13)
Net amortization,41,33,123,106,(1),(1),(1),(3)
Net Cost,68,66,247,208,15,13,50,40