,Gain (loss) Recognized in Other Comprehensive Income (loss),Gain (loss) Recognized in Other Comprehensive Income (loss),Gain (loss) Recognized in Other Comprehensive Income (loss),Gain (loss) Recognized in Other Comprehensive Income (loss),Income (expense) and Gain (loss) Reclassified into Income,Income (expense) and Gain (loss) Reclassified into Income,Income (expense) and Gain (loss) Reclassified into Income,Income (expense) and Gain (loss) Reclassified into Income,
,Three Months,Three Months,Nine Months,Nine Months,Three Months,Three Months,Nine Months,Nine Months,
,Ended Sept. 30,Ended Sept. 30,Ended Sept. 30,Ended Sept. 30,Ended Sept. 30,Ended Sept. 30,Ended Sept. 30,Ended Sept. 30,Income Statement
(dollars in millions),2013,2012,2013,2012,2013,2012,2013,2012,Caption
Foreign currency forward exchange contracts designated as cash flow hedges,—,(7),31,(9),15,36,29,75,Cost of products sold
Debt designated as a hedge of net investment in a foreign subsidiary,—,(15),75,(5),,,,,
Interest rate swaps designated as fair value hedges,,,,,10,78,(71),161,Interest expense
Foreign currency forward exchange contracts not designated as hedges,,,,,(70),7,70,145,Net foreign exchange loss (gain)