,Three Months Ended September 30,Three Months Ended September 30,Three Months Ended September 30,Three Months Ended September 30,Three Months Ended September 30,Three Months Ended September 30,Three Months Ended September 30,Three Months Ended September 30
,Cumulative Foreign Currency Translation Adjustments,Cumulative Foreign Currency Translation Adjustments,Net Actuarial Losses and Prior Service Costs and Credits,Net Actuarial Losses and Prior Service Costs and Credits,Cumulative Unrealized Gains on Marketable Equity Securities,Cumulative Unrealized Gains on Marketable Equity Securities,Cumulative Gains on Derivative Instruments Designated as Cash Flow Hedges,Cumulative Gains on Derivative Instruments Designated as Cash Flow Hedges
(dollars in millions),2013,2012,2013,2012,2013,2012,2013,2012
Balance at June 30,(887),(768),(2408),(2586),34,16,35,120
Other comprehensive income (loss) before reclassifications,270,515,(8),—,3,4,12,(8)
Income (loss) amounts reclassified from accumulated other comprehensive income (a),—,—,26,32,(10),—,(23),(36)
Net current period comprehensive income (loss) from continuing operations,270,515,18,32,(7),4,(11),(44)
Balance at September 30,(617),(253),(2390),(2554),27,20,24,76