,Fair Value - Assets,Fair Value - Liabilities,Fair Value - Liabilities,Fair Value - Liabilities,Fair Value - Liabilities,Fair Value - Liabilities
(in millions),"June 30, 2014","Dec. 31, 2013",Balance Sheet Caption,"June 30, 2014","Dec. 31, 2013",Balance Sheet Caption
Interest rate swaps designated as fair value hedges,106,87,Deferred income taxes and other assets,—,—,"Post-employment obligations, deferred income taxes and other long-term liabilities"
Foreign currency forward exchange contracts:,,,,,,
Hedging instruments,4,14,"Prepaid expenses, deferred income taxes, and other receivables",—,—,Other accrued liabilities
Others not designated as hedges,67,70,"Prepaid expenses, deferred income taxes, and other receivables",24,75,Other accrued liabilities
Debt designated as a hedge of net investment in a foreign subsidiary,—,—,,523,505,Short-term borrowings
,177,171,,547,580,