,Six Months Ended June 30,Six Months Ended June 30,Six Months Ended June 30,Six Months Ended June 30,Six Months Ended June 30,Six Months Ended June 30,Six Months Ended June 30,Six Months Ended June 30
,Cumulative Foreign Currency Translation Adjustments,Cumulative Foreign Currency Translation Adjustments,Net Actuarial Losses and Prior Service Costs and Credits,Net Actuarial Losses and Prior Service Costs and Credits,Cumulative Unrealized Gains on Marketable Equity Securities,Cumulative Unrealized Gains on Marketable Equity Securities,Cumulative Gains on Derivative Instruments Designated as Cash Flow Hedges,Cumulative Gains on Derivative Instruments Designated as Cash Flow Hedges
(in millions),2014,2013,2014,2013,2014,2013,2014,2013
"Balance at December 31, 2013 and 2012",(718),(79),(1312),(3596),13,31,5,50
Separation of AbbVie (a),—,(308),—,1451,—,—,—,8
Other comprehensive income (loss) before Reclassifications,43,(750),—,(69),2,14,(1),(5)
Amounts reclassified from accumulated other comprehensive income (b),—,—,28,56,(6),(11),(6),(18)
Net current period comprehensive income from continuing operations (a),43,(750),28,(13),(4),3,(7),(23)
Balance at June 30,(675),(1137),(1284),(2158),9,34,(2),35