,Gain (loss) Recognized in Other Comprehensive Income (loss),Gain (loss) Recognized in Other Comprehensive Income (loss),Gain (loss) Recognized in Other Comprehensive Income (loss),Gain (loss) Recognized in Other Comprehensive Income (loss),Income (expense) and Gain (loss) Reclassified into Income,Income (expense) and Gain (loss) Reclassified into Income,Income (expense) and Gain (loss) Reclassified into Income,Income (expense) and Gain (loss) Reclassified into Income,
,Three Months Ended June 30,Three Months Ended June 30,Six Months Ended June 30,Six Months Ended June 30,Three Months Ended June 30,Three Months Ended June 30,Six Months Ended June 30,Six Months Ended June 30,Income Statement
(dollars in millions),2012,2011,2012,2011,2012,2011,2012,2011,Caption
Foreign currency forward exchange contracts designated as cash flow hedges,40,(54),(4),(76),33,(14),48,43,Cost of products sold
Debt designated as a hedge of net investment in a foreign subsidiary,(25),(20),10,(10),,,,,
Interest rate swaps designated as fair value hedges,,,,,93,127,83,91,Interest expense
Foreign currency forward exchange contracts not designated as hedges,,,,,101,11,117,(90),Net foreign exchange loss (gain)