Item,Page,Page
,PART I - FINANCIAL INFORMATION,PART I - FINANCIAL INFORMATION
1.,FINANCIAL STATEMENTS,1
,STATEMENT OF CONSOLIDATED OPERATIONS,1
,STATEMENT OF CONSOLIDATED COMPREHENSIVE INCOME,2
,STATEMENT OF CONSOLIDATED CASH FLOWS,3
,CONSOLIDATED BALANCE SHEET,4
,STATEMENT OF CONSOLIDATED CHANGES IN EQUITY (DEFICIT) AND NONCONTROLLING INTERESTS,5
,NOTES TO CONSOLIDATED FINANCIAL STATEMENTS,7
2.,MANAGEMENT'S DISCUSSION AND ANALYSIS OF FINANCIAL CONDITION AND RESULTS OF OPERATIONS,28
3.,QUANTITATIVE AND QUALITATIVE DISCLOSURES ABOUT MARKET RISK,42
4.,CONTROLS AND PROCEDURES,44
,PART II - OTHER INFORMATION,
1.,LEGAL PROCEEDINGS,45
1A.,RISK FACTORS,45
2.,UNREGISTERED SALES OF EQUITY SECURITIES AND USE OF PROCEEDS,45
5.,O THER INFORMATION,45
6.,EXHIBITS,46