,Fair Value - Assets,Fair Value - Assets,Fair Value - Assets,Fair Value - Liabilities,Fair Value - Liabilities,Fair Value - Liabilities
(in millions),"March 31, 2014","Dec. 31, 2013",Balance Sheet Caption,"March 31, 2014","Dec. 31, 2013",Balance Sheet Caption
Interest rate swaps designated as fair value hedges,98,87,Deferred income taxes and other assets,—,—,"Post-employment obligations, deferred income taxes and other long-term liabilities"
Foreign currency forward exchange contracts:,,,,,,
Hedging instruments,9,14,"Prepaid expenses, deferred income taxes, and other receivables",—,—,Other accrued liabilities
Others not designated as hedges,40,70,"Prepaid expenses, deferred income taxes, and other receivables",56,75,Other accrued liabilities
Debt designated as a hedge of net investment in a foreign subsidiary,—,—,,516,505,Short-term borrowings
,147,171,,572,580,