,Fair Value - Assets,Fair Value - Liabilities,Fair Value - Liabilities,Fair Value - Liabilities,Fair Value - Liabilities,Fair Value - Liabilities
(dollars in millions),Sept. 30 2012,Dec. 31 2011,Balance Sheet Caption,Sept. 30 2012,Dec. 31 2011,Balance Sheet Caption
Interest rate swaps designated as fair value hedges,759,598,Deferred income taxes and other assets,—,—,
Foreign currency forward exchange contracts —,,,,,,
Hedging instruments,7,115,"Prepaid expenses,",2,2,Other accrued liabilities
Others not designated as hedges,124,165,"deferred income taxes, and other receivables",180,179,
Debt designated as a hedge of net investment in a foreign subsidiary,—,—,,685,680,Short-term borrowings
,890,878,,867,861,