,Gain (loss) Recognized in Other Comprehensive Income (loss),Gain (loss) Recognized in Other Comprehensive Income (loss),Gain (loss) Recognized in Other Comprehensive Income (loss),Gain (loss) Recognized in Other Comprehensive Income (loss),Income (expense) and Gain (loss) Reclassified into Income,Income (expense) and Gain (loss) Reclassified into Income,Income (expense) and Gain (loss) Reclassified into Income,Income (expense) and Gain (loss) Reclassified into Income,
,Three Months Ended Sept. 30,Three Months Ended Sept. 30,Nine Months Ended Sept. 30,Nine Months Ended Sept. 30,Three Months Ended Sept. 30,Three Months Ended Sept. 30,Nine Months Ended Sept. 30,Nine Months Ended Sept. 30,Income Statement
(dollars in millions),2012,2011,2012,2011,2012,2011,2012,2011,Caption
Foreign currency forward exchange contracts designated as cash flow hedges,(8),(22),(12),(98),43,(29),91,14,Cost of products sold
Debt designated as a hedge of net investment in a foreign subsidiary,(15),(30),(5),(40),,,,,
Interest rate swaps designated as fair value hedges,,,,,78,415,161,506,Interest expense
Foreign currency forward exchange contracts not designated as hedges,,,,,11,60,128,(30),Net foreign exchange loss (gain)