,Three Months Ended September 30,Three Months Ended September 30,Three Months Ended September 30,Three Months Ended September 30,Three Months Ended September 30,Three Months Ended September 30,Three Months Ended September 30,Three Months Ended September 30
,Cumulative Foreign Currency Translation Adjustments,Cumulative Foreign Currency Translation Adjustments,Net Actuarial Losses and Prior Service Costs and Credits,Net Actuarial Losses and Prior Service Costs and Credits,Cumulative Unrealized Gains on Marketable Equity Securities,Cumulative Unrealized Gains on Marketable Equity Securities,Cumulative Gains on Derivative Instruments Designated as Cash Flow Hedges,Cumulative Gains on Derivative Instruments Designated as Cash Flow Hedges
(in millions),2014,2013,2014,2013,2014,2013,2014,2013
Balance at June 30(a),(675),(1137),(1284),(2158),9,34,(2),35
Other comprehensive income (loss) before Reclassifications,(1096),270,—,(8),2,3,67,12
Amounts reclassified from accumulated other comprehensive income (b),—,—,16,26,(10),(10),(2),(23)
Net current period comprehensive income,(1096),270,16,18,(8),(7),65,(11)
Balance at September 30(a),(1771),(867),(1268),(2140),1,27,63,24