,Fair Value - Assets,Fair Value - Assets,Fair Value - Assets,Fair Value - Liabilities,Fair Value - Liabilities,Fair Value - Liabilities
(in millions),"Sept. 30, 2014","Dec. 31, 2013",Balance Sheet Caption,"Sept. 30, 2014","Dec. 31, 2013",Balance Sheet Caption
Interest rate swaps designated as fair value hedges,100,87,Deferred income taxes and other assets,—,—,"Post-employment obligations, deferred income taxes and other long-term liabilities"
Foreign currency forward exchange contracts:,,,,,,
Hedging instruments,61,14,"Prepaid expenses, deferred income taxes, and other receivables",3,—,Other accrued liabilities
Others not designated as hedges,119,70,"Prepaid expenses, deferred income taxes, and other receivables",159,75,Other accrued liabilities
Debt designated as a hedge of net investment in a foreign subsidiary,—,—,,485,505,Short-term borrowings
,280,171,,647,580,