,,"Fair Value - Assets",,"Fair Value - Assets",,"Balance Sheet Caption",,"Fair Value - Liabilities",,"Fair Value - Liabilities",,"Balance Sheet Caption"
(dollars in millions),,"March 31, 2012",,"Dec. 31, 2011",,"Balance Sheet Caption",,"March 31, 2012",,"Dec. 31, 2011",,"Balance Sheet Caption"
"Interest rate swaps designated as fair value hedges",,588,,598,,"Deferred income taxes and other assets",,,,,,
"Foreign currency forward exchange contracts - Hedging instruments",,51,,115,,"Prepaid expenses, deferred income taxes, and other receivables",,,,2,,"Other accrued liabilities"
"Foreign currency forward exchange contracts - Others not designated as hedges",,58,,165,,"Prepaid expenses, deferred income taxes, and other receivables",,63,,179,,"Other accrued liabilities"
"Debt designated as a hedge of net investment in a foreign subsidiary",,,,,,,,,645,,680,,"Short-term borrowings"
,,697,,878,,,,708,,861,,
