Description,,March 31, 2012,,,December 31, 2011,,Note: Dollars in millions
Supplemental Accumulated Other Comprehensive Income Information, net of tax:,,,,,,,
Cumulative foreign currency translation (gain) loss adjustments,,(586,490),,,72,527,,
Net actuarial losses and prior service cost and credits,,2,690,764,,,2,730,619,,
Cumulative unrealized (gains) on marketable equity securities,,(38,233),,,(38,429),,
Cumulative losses (gains) on derivative instruments designated as cash flow hedges,,(124,922),,,(167,532),,
