(dollars in millions),Gain (loss) Recognized in Other Comprehensive Income (loss) - 2012,Gain (loss) Recognized in Other Comprehensive Income (loss) - 2011,Income (expense) and Gain (loss) Reclassified into Income - 2012,Income (expense) and Gain (loss) Reclassified into Income - 2011,Income Statement Caption
Foreign currency forward exchange contracts designated as cash flow hedges,82,(22),15,57,Cost of products sold
Debt designated as a hedge of net investment in a foreign subsidiary,35,10,—,—,
Interest rate swaps designated as fair value hedges,,,(10),(36),Interest expense
Foreign currency forward exchange contracts not designated as a hedge,,,16,(101),Net foreign exchange loss (gain)
