Category,Three Months Ended March 31,2012 Amount,2012 Note,Three Months Ended March 31,2011 Amount,2011 Note
Net Earnings,,1,242,124,,863,818,
Foreign currency translation gain adjustments,,659,017,,1,616,971,
"Amortization of net actuarial losses and prior service cost and credits","net of taxes of 22,966 in 2012 and 16,877 in 2011",39,855,,"net of taxes of 22,966 in 2012 and 16,877 in 2011",29,817,
"Unrealized (loss) gain on marketable equity securities","net of taxes of (113) in 2012 and 591 in 2011",-196,,"net of taxes of (113) in 2012 and 591 in 2011",1,024,
"Net adjustments for derivative instruments designated as cash flow hedges","net of taxes of 5,137 in 2012 and (24,749) in 2011",-42,610,,"net of taxes of 5,137 in 2012 and (24,749) in 2011",-98,917,
Other Comprehensive income,,656,066,,1,548,895,
Comprehensive Income,,1,898,190,,2,412,713,
