,"June 30, 2015","June 30, 2015","December 31, 2014","December 31, 2014"
(in millions),Carrying Value,Fair Value,Carrying Value,Fair Value
Investment Securities:,,,,
Equity securities,4898,4898,212,212
Other,17,17,17,17
Total Long-term Debt,(5894),(6323),(3463),(4113)
Foreign Currency Forward Exchange Contracts:,,,,
Receivable position,357,357,263,263
(Payable) position,(75),(75),(135),(135)
Interest Rate Hedge Contracts:,,,,
Receivable position,103,103,101,101
Payable position,(17),(17),—,—