,"For the Quarter Ended June 30,","For the Quarter Ended June 30,","For the Six Months Ended, June 30,","For the Six Months Ended, June 30,"
,2021,2020,2021,2020
,(In millions),(In millions),(In millions),(In millions)
Third-party processing and transmission costs,53,62,104,123
Midstream service affiliate costs,32,32,63,72
Upstream processing and transmission costs,85,94,167,195
Midstream operating expenses,8,10,15,20
Intersegment eliminations,(32),(32),(63),(72)
"Total Gathering, processing, and transmission",61,72,119,143