,Six Months Ended June 30,Six Months Ended June 30,Six Months Ended June 30,Six Months Ended June 30,Six Months Ended June 30,Six Months Ended June 30,Six Months Ended June 30,Six Months Ended June 30
,Cumulative Foreign Currency Translation Adjustments,Cumulative Foreign Currency Translation Adjustments,Net Actuarial Losses and Prior Service Costs and Credits,Net Actuarial Losses and Prior Service Costs and Credits,Cumulative Unrealized Gains on Marketable Equity Securities,Cumulative Unrealized Gains on Marketable Equity Securities,Cumulative Gains on Derivative Instruments Designated as Cash Flow Hedges,Cumulative Gains on Derivative Instruments Designated as Cash Flow Hedges
(dollars in millions),2013,2012,2013,2012,2013,2012,2013,2012
"Balance at December 31, 2012 and 2011",(79),(73),(3596),(2731),31,38,50,167
Separation of AbbVie,(208),(8),1351,66,—,(26),8,(5)
Other comprehensive income before reclassifications,(600),(651),(219),—,14,5,(5),(3)
Amounts reclassified from accumulated other comprehensive income (a),—,(36),56,79,(11),(1),(18),(39)
Net current period comprehensive income from continuing operations,(600),(687),(163),79,3,4,(23),(42)
Balance at June 30,(887),(768),(2408),(2586),34,16,35,120