,Fair Value - Assets,Fair Value - Liabilities,Fair Value - Liabilities,Fair Value - Liabilities,Fair Value - Liabilities,Fair Value - Liabilities
(dollars in millions),June 30 2013,Dec. 31 2012,Balance Sheet Caption,June 30 2013,Dec. 31 2012,Balance Sheet Caption
Interest rate swaps designated as fair value hedges,104,185,Deferred income taxes and other assets,—,80,"Post-employment obligations, deferred income taxes and other long-term liabilities"
Foreign currency forward exchange contracts —,,,,,,
Hedging instruments,30,22,"Prepaid expenses,",—,11,Other accrued liabilities
Others not designated as hedges,95,98,"deferred income taxes, and other receivables",169,135,
Debt designated as a hedge of net investment in a foreign subsidiary,—,—,,540,615,Short-term borrowings
,229,305,,709,841,