,Three Months Ended June 30,Three Months Ended June 30,Three Months Ended June 30,Three Months Ended June 30,Three Months Ended June 30,Three Months Ended June 30,Three Months Ended June 30,Three Months Ended June 30
,Cumulative Foreign Currency Translation Adjustments,Cumulative Foreign Currency Translation Adjustments,Net Actuarial Losses and Prior Service Costs and Credits,Net Actuarial Losses and Prior Service Costs and Credits,Cumulative Unrealized Gains on Marketable Equity Securities,Cumulative Unrealized Gains on Marketable Equity Securities,Cumulative Gains on Derivative Instruments Designated as Cash Flow Hedges,Cumulative Gains on Derivative Instruments Designated as Cash Flow Hedges
(dollars in millions),2013,2012,2013,2012,2013,2012,2013,2012
Balance at March 31,(527),358,(2436),(2626),32,15,38,117
Other comprehensive income before reclassifications,(360),(1090),—,—,7,5,12,29
Amounts reclassified from accumulated other comprehensive income (a),—,(36),28,40,(5),(4),(15),(26)
Net current period comprehensive income from continuing operations,(360),(1126),28,40,2,1,(3),3
Balance at June 30,(887),(768),(2408),(2586),34,16,35,120