,Fair Value - Assets,Fair Value - Liabilities,Fair Value - Liabilities,Fair Value - Liabilities,Fair Value - Liabilities,Fair Value - Liabilities
(dollars in millions),March 31 2013,Dec. 31 2012,Balance Sheet Caption,March 31 2013,Dec. 31 2012,Balance Sheet Caption
Interest rate swaps designated as fair value hedges,175,185,Deferred income taxes and other assets,—,80,"Post-employment obligations, deferred income taxes and other long-term liabilities"
Foreign currency forward exchange contracts —,,,,,,
Hedging instruments Others not designated as hedges,30 70,22 98,"Prepaid expenses, deferred income taxes, and other receivables",— 130,11 135,Other accrued liabilities
Debt designated as a hedge of net investment in a foreign subsidiary,—,—,,565,615,Short-term borrowings
,275,305,,695,841,