,Three Months Ended March 31,Three Months Ended March 31,Three Months Ended March 31,Three Months Ended March 31,Three Months Ended March 31,Three Months Ended March 31,Three Months Ended March 31,Three Months Ended March 31
,Cumulative Foreign Currency Translation Adjustments,Cumulative Foreign Currency Translation Adjustments,Net Actuarial Losses and Prior Service Costs and Credits,Net Actuarial Losses and Prior Service Costs and Credits,Cumulative Unrealized Gains on Marketable Equity Securities,Cumulative Unrealized Gains on Marketable Equity Securities,Cumulative Gains on Derivative Instruments Designated as Cash Flow Hedges,Cumulative Gains on Derivative Instruments Designated as Cash Flow Hedges
(in millions),2015,2014,2015,2014,2015,2014,2015,2014
"Balance at December 31, 2014 and 2013",(2924),(718),(2229),(1312),1,13,99,5
Impact of business dispositions,108,—,19,—,—,—,—,—
Other comprehensive (loss) income before reclassifications,(911),62,—,—,173,1,43,(1)
Amounts reclassified from accumulated other comprehensive income,—,—,31,16,—,(1),(17),1
Net current period comprehensive (loss) income,(911),62,31,16,173,—,26,—
Balance at March 31,(3727),(656),(2179),(1296),174,13,125,5