,Three Months Ended March 31,Three Months Ended March 31
,2015,2014
Net earnings,2292,375
Foreign currency translation (loss) gain adjustments,(911),62
"Net actuarial gains (losses) and amortization of net actuarial (losses) and prior service (cost) and credits, net of taxes of $15 in 2015 and $8 in 2014",31,16
"Unrealized gains on marketable equity securities, net of taxes of $88 in 2015 and nil in 2014",173,—
"Net adjustments for derivative instruments designated as cash flow hedges, net of taxes of $7 in 2015 and nil in 2014",26,—
Other comprehensive (loss) income,(681),78
Comprehensive Income,1611,453