,Fair Value - Assets,Fair Value - Assets,Fair Value - Assets,Fair Value - Liabilities,Fair Value - Liabilities,Fair Value - Liabilities
(in millions),"March 31, 2015","Dec. 31, 2014",Balance Sheet Caption,"March 31, 2015","Dec. 31, 2014",Balance Sheet Caption
Interest rate swaps designated as fair value hedges,150,101,Deferred income taxes and other assets,—,—,
Foreign currency forward exchange contracts:,,,,,,
Hedging instruments,120,107,"Prepaid expenses, deferred income taxes, and other receivables",10,—,Other accrued liabilities
Others not designated as hedges,324,150,"Prepaid expenses, deferred income taxes, and other receivables",107,130,Other accrued liabilities
Debt designated as a hedge of net investment in a foreign subsidiary,—,—,,442,445,Short-term borrowings
,594,358,,559,575,